SYMBOL,SYMBOLP/E,ADJUSTEDP/E
THERMAX,77.08,82.0
WHEELS,24.05,24.05
RIIL,113.78,113.78
PREMIERPOL,22.1,22.1
RAYMOND,70.52,15.28
RSWM,19.6,17.0
SHREDIGCEM,43.41,43.41
SESHAPAPER,20.93,20.93
SMLMAH,37.01,37.01
SUNDRMFAST,34.22,33.66
EXIDEIND,43.04,42.71
ELECON,44.14,41.95
CRISIL,36.99,36.99
LMW,131.25,124.4
NELCO,527.65,193.43
MASTEK,13.6,13.07
MAHSCOOTER,47.85,47.85
LUMAXIND,40.93,37.16
TRENT,88.25,87.26
KECL,57.03,36.68
CUMMINSIND,72.07,70.05
KCP,7.79,7.53
JAYBARMARU,13.48,13.04
INFY,15.1,14.65
INDIAGLYCO,31.54,31.45
IONEXCHANG,45.13,41.55
IFBIND,37.07,34.59
IGPL,593.68,593.68
HIMATSEIDE,17.13,17.13
GNFC,9.27,9.27
BPCL,5.63,5.56
BHARATFORG,95.3,87.28
BASF,39.0,39.0
FORCEMOT,19.62,22.42
ATUL,26.43,26.49
ARVIND,33.43,32.55
ACC,12.14,12.29
TMPV,,29.27
SCI,9.9,9.9
MRPL,9.86,11.23
LINDEINDIA,122.95,122.95
HINDPETRO,5.15,5.15
ESCORTS,24.05,24.42
BAJAJHLDNG,53.01,142.26
ASHOKLEY,24.85,23.19
VOLTAS,88.73,85.38
TITAN,81.18,79.98
TATASTEEL,22.06,20.71
SUNDARMFIN,24.55,23.86
SPIC,7.63,7.63
VEDL,6.24,5.68
SBIN,11.32,11.63
RELIANCE,20.43,20.43
PFIZER,28.92,27.63
NOCIL,48.85,46.0
BOSCHLTD,43.5,51.86
DRREDDY,24.39,24.39
BATAINDIA,66.41,95.63
DEEPAKFERT,27.24,27.24
CHAMBLFERT,9.98,9.98
CARBORUNIV,147.83,49.07
MAHSEAMLES,10.93,10.87
HINDOILEXP,32.79,67.51
DICIND,24.81,22.48
COROMANDEL,31.62,30.94
BALMLAWRIE,15.06,15.06
MOTOGENFIN,0.72,
MARALOVER,67.95,57.42
ASIANPAINT,60.99,59.41
RAMCOCEM,31.41,122.45
INDIACEM,137.48,88.57
PGHL,34.53,34.53
BEML,106.78,106.78
ADOR,29.37,28.72
CENTENKA,11.63,11.46
TATACHEM,,218.62
TORNTPHARM,75.4,73.29
VTL,26.21,26.21
SUNDROP,121.35,121.35
FEDERALBNK,17.83,17.83
EPL,19.46,18.35
VLSFINANCE,37.1,37.1
SUPREMEIND,51.15,51.15
SRF,46.43,44.89
BIRLACABLE,32.4,32.4
BALRAMCHIN,37.34,37.34
AEGISLOG,42.79,42.79
WEIZMANIND,17.61,17.61
UNICHEMLAB,16.4,82.91
BBOX,67.39,53.18
HONAUT,65.6,64.59
JTEKTINDIA,49.16,46.39
SAURASHCEM,48.2,30.58
RANEHOLDIN,15.89,18.07
PRECOT,27.63,27.63
TATAELXSI,33.34,30.96
SUNPHARMA,40.1,36.94
KOHINOOR,1.09,
SHREYANIND,29.1,29.1
SANDESH,11.16,10.88
HCC,36.63,42.51
BAJAJHIND,32.9,29.65
APOLLOHOSP,64.82,64.33
ARE&M,18.54,23.59
ADANIENT,44.13,169.12
IVP,8.77,8.62
BALKRISIND,32.12,32.12
INDBANK,20.24,20.24
GINNIFILA,10.15,9.18
EICHERMOT,44.01,43.61
RAJSREESUG,93.44,33.75
GVT&D,91.09,87.87
NEULANDLAB,64.97,64.97
ONGC,6.65,6.61
ITI,93.57,
ZENSARTECH,15.22,14.85
TAINWALCHM,18.72,18.72
BERGEPAINT,53.45,51.59
BANARISUG,29.41,29.41
KPIL,21.71,22.15
JYOTISTRUC,23.8,23.8
IGARASHI,118.5,118.5
BSL,54.81,54.81
BLUEDART,47.25,41.09
JAYNECOIND,15.54,15.27
MUNJALSHOW,24.8,23.07
APCOTEXIND,27.05,27.17
SOTL,21.88,21.88
HSCL,46.53,46.53
RCF,16.41,17.84
RANASUG,7.65,
KARURVYSYA,11.93,11.93
DECCANCE,28.22,52.47
WSI,213.46,248.01
UFLEX,9.66,9.4
TATAPOWER,27.34,27.07
ADVANIHOTR,20.1,19.54
THOMASCOOK,22.32,21.81
SUNFLAG,30.94,29.93
SUBROS,31.68,30.65
SPMLINFRA,23.01,23.01
SIMPLEXINF,54.02,55.03
SIEMENS,103.08,103.08
BHARATRAS,15.51,14.12
WIPRO,13.14,13.14
VSTIND,13.54,13.54
JUBLPHARMA,40.95,36.88
UNIVCABLES,46.17,46.17
TATACOMM,51.47,48.63
TOKYOPLAST,122.16,122.16
SOMANYCERA,28.93,27.94
MURUDCERA,16.56,16.56
IFCI,44.73,43.23
HLVLTD,227.25,92.5
SANOFI,25.38,23.92
M&M,23.73,23.43
LIBERTSHOE,42.05,42.56
KAJARIACER,40.37,38.04
HEIDELBERG,26.67,25.67
MODTHREAD,13.61,13.61
MANGLMCEM,21.04,19.29
PRSMJOHNSN,91.74,
POLYPLEX,82.65,82.65
PIDILITIND,64.45,64.18
PCBL,63.74,68.62
3PLAND,26.36,26.36
OSWALAGRO,62.0,37.27
EIHAHOTELS,22.47,21.76
HONDAPOWER,33.53,30.13
JINDALSAW,28.86,28.86
SAIL,22.85,19.97
RUBYMILLS,31.75,31.75
STYRENIX,21.08,20.93
ABB,103.47,103.47
IDBI,10.04,10.04
GRAPHITE,73.65,72.88
CANFINHOME,10.48,10.48
BRITANNIA,50.78,50.78
BBL,25.11,25.11
ELECTCAST,28.56,24.5
DHAMPURSUG,14.02,14.02
DCMSHRIRAM,18.64,18.2
DABUR,40.52,40.26
COSMOFIRST,14.05,13.57
CIPLA,29.62,27.98
HEROMOTOCO,18.22,17.91
HDFCBANK,15.58,15.37
HARRMALAYA,13.88,13.88
GMBREW,12.18,12.18
GIPCL,6.25,6.25
ITC,17.04,16.84
INDIANHUME,14.86,22.81
HINDCOMPOS,20.64,19.7
IOC,4.92,4.92
OSWALGREEN,,15.38
HUHTAMAKI,15.25,15.28
RICOAUTO,32.9,29.18
KAMATHOTEL,13.53,18.5
IFBAGRO,16.09,16.09
BANCOINDIA,19.59,20.12
MANINDS,23.3,23.3
APOLLOTYRE,19.94,19.09
SIYSIL,12.41,12.41
SHANTIGEAR,42.39,40.54
PRECWIRE,42.58,42.58
ONWARDTEC,14.87,14.12
NILKAMAL,20.73,19.05
NCC,12.25,11.82
ICIL,61.46,61.46
SEAMECLTD,13.84,13.84
ELGIEQUIP,43.53,42.46
AUROPHARMA,25.2,24.87
BBTC,4.15,4.29
EIHOTEL,35.26,30.44
KANORICHEM,32.32,32.32
LICHSGFIN,5.4,5.4
GICHSGFIN,5.27,5.27
BEPL,14.15,14.15
RAIN,17.11,17.11
BANARBEADS,44.14,44.14
MOREPENLAB,33.74,44.55
WSTCSTPAPR,22.07,22.07
VENKEYS,14.68,14.68
GHCL,8.46,8.46
S&SPOWER,38.77,38.77
PRUDMOULI,5.76,5.76
PRAJIND,267.43,70.27
BPL,,280.33
PGHH,33.05,33.05
VESUVIUS,36.28,36.28
TFCILTD,31.89,31.89
BOMDYEING,96.4,93.63
GTL,0.19,
NAVNETEDUL,9.75,39.56
GUJALKALI,206.59,206.59
AGI,12.81,12.67
GLAXO,40.14,40.74
TATACONSUM,65.79,65.22
ZEEL,38.05,37.09
CHOLAFIN,29.43,29.43
INDHOTEL,47.2,52.16
FMGOETZE,15.25,14.34
KOTAKBANK,19.17,19.42
ORIENTHOT,31.3,31.02
GILLETTE,38.89,38.89
GOLDENTOBC,6.75,7.66
KANSAINER,28.27,26.23
FOSECOIND,43.98,38.73
ESABINDIA,42.1,45.69
3MINDIA,75.21,89.37
ANDHRAPAP,64.91,64.91
GABRIEL,76.14,73.1
SCHAEFFLER,53.35,53.35
AARTIIND,42.76,43.5
RALLIS,24.73,
AMJLAND,10.34,10.34
PRAKASH,6.67,6.67
MFSL,508.22,508.22
KSB,64.35,60.35
KOPRAN,38.21,38.21
HEG,51.33,51.33
GREAVESCOT,164.67,175.79
GODFRYPHLP,26.49,26.49
VARDMNPOLY,40.18,40.18
SURYAROSNI,18.78,18.78
TATAINVEST,105.85,105.85
TIMKEN,58.14,58.14
SUDARSCHEM,718.3,146.6
SHREECEM,54.71,54.71
SAKHTISUG,7.18,7.18
IPCALAB,40.47,38.44
INGERRAND,56.36,54.84
JSWDULUX,7.0,37.59
HINDALCO,15.84,13.59
HINDZINC,15.83,15.86
HINDUNILVR,47.53,46.73
GSFC,9.58,9.58
GRASIM,20.93,20.44
AMBUJACEM,19.9,17.42
FINPIPE,18.35,18.35
FINCABLES,23.77,29.03
EIDPARRY,9.68,5.95
DCW,28.42,28.42
CGPOWER,119.1,116.71
SUDARCOLOR,19.38,13.68
CESC,13.58,13.58
BIRLACORPN,14.02,13.87
BHEL,61.91,61.91
BHARATGEAR,11.05,11.05
BEL,49.69,49.69
BAJFINANCE,34.05,33.73
ASHAPURMIN,16.88,16.69
NAVA,15.98,15.98
CORALFINAC,8.65,8.65
GREENPLY,33.05,30.33
TNPL,4.06,4.06
AUTOAXLES,16.74,15.92
REMSONSIND,13.22,12.83
DALMIASUG,12.67,12.67
NATCOPHARM,12.34,12.34
KHAITANLTD,9.91,9.91
SWARAJENG,22.96,22.67
MRF,22.9,22.47
GARFIBRES,37.67,35.81
ANDHRSUGAR,12.29,10.99
TNPETRO,8.77,9.35
TTKPRESTIG,58.78,52.51
STARPAPER,6.63,6.63
SKFINDIA,27.35,25.17
AUSOMENT,11.69,11.69
EIMCOELECO,26.7,26.7
JAYAGROGN,12.79,12.79
CUBEXTUB,14.99,14.99
MARICO,60.44,60.44
SILINV,11.7,11.7
SAMBHAAV,2027.23,2027.23
BIOFILCHEM,19.45,19.45
KEYFINSERV,21.79,21.23
ZENITHEXPO,46.66,46.66
SUNDRMBRAK,124.64,110.43
SANGAMIND,26.34,25.1
MOTHERSON,43.45,40.55
SOMATEX,35.75,94.64
VISAKAIND,8.19,18.46
AARTIDRUGS,19.77,19.77
STERTOOLS,30.42,51.51
CREST,21.92,21.92
INDIANCARD,35.49,28.38
HITECHGEAR,56.17,56.17
WENDT,104.24,104.24
DENORA,51.07,51.07
TVSSRICHAK,44.49,48.78
SHRIRAMFIN,24.34,24.34
PUNJABCHEM,22.2,21.64
DYNAMATECH,216.02,151.58
GUJAPOLLO,87.82,87.82
GANESHHOU,21.69,21.69
MMFL,25.97,25.96
JAGSNPHARM,34.24,33.06
ALKYLAMINE,51.91,51.91
BOSCH-HCIL,,228.55
MPHASIS,24.53,24.2
GUJRAFFIA,19.82,19.82
RUCHINFRA,13.56,13.56
RAMCOIND,22.63,23.68
KOTHARIPET,10.54,10.51
HERITGFOOD,22.86,24.3
INDRAMEDCO,18.51,18.51
BANKBARODA,6.55,6.55
MADRASFERT,13.63,12.53
GAIL,18.52,18.52
INDNIPPON,24.69,27.6
SKMEGGPROD,16.29,16.29
BANKINDIA,6.46,6.23
CONCOR,30.5,30.5
ICICIBANK,17.42,17.42
KCPSUGIND,22.03,22.03
HUDCO,10.07,10.07
INDSWFTLAB,48.72,41.35
SAREGAMA,46.38,45.05
FDC,24.3,23.04
ENGINERSIN,19.86,19.86
ADROITINFO,14.59,14.59
JAICORPLTD,11.06,11.0
ANTGRAPHIC,9.61,9.61
GMDCLTD,19.31,32.05
MAHAPEXLTD,49.53,91.31
INDUSINDBK,90.01,90.01
ASAHIINDIA,65.1,63.13
TRIGYN,76.03,49.78
J&KBANK,8.5,8.5
KOTHARIPRO,122.06,
CUB,16.78,16.78
SOUTHBANK,7.73,7.73
ASTRAZEN,106.97,104.94
CEMPRO,46.98,46.98
AXISBANK,14.82,14.82
CYIENT,20.01,18.69
SONATSOFTW,18.57,16.99
NOIDATOLL,3.21,3.21
CYBERTECH,14.18,14.18
KOKUYOCMLN,33.87,33.87
DHANBANK,13.01,13.01
SANGHVIMOV,19.79,19.1
STCINDIA,1.11,13.3
MANUGRAPH,9.19,11.87
VIPCLOTHNG,20.28,20.28
NATIONALUM,10.73,10.73
IVC,56.25,56.25
JINDALSTEL,30.97,22.56
ALEMBICLTD,18.03,18.03
ICDSLTD,47.42,47.42
BSOFT,15.54,14.86
HCLTECH,18.74,18.0
ACCELYA,17.37,16.45
STAR,17.26,16.57
ZYDUSLIFE,22.7,21.15
GLENMARK,46.32,24.44
RAJESHEXPO,22.56,22.56
CINEVISTA,14.27,14.27
SHREERAMA,22.66,22.66
WOCKPHARMA,155.2,107.52
NRBBEARING,27.11,26.41
IOB,12.51,12.51
RAMCOSYS,70.66,25.46
GVPIL,18.15,16.65
BIL,31.89,31.89
KTKBANK,7.88,7.88
MUKTAARTS,,38.76
BLBLIMITED,2.52,2.52
AJANTPHARM,40.46,40.46
BLUESTARCO,65.84,62.79
CALSOFT,7.29,7.29
TVSMOTOR,53.26,52.71
PNBGILTS,15.47,15.8
PNC,,5.68
TAJGVK,5.61,17.22
NLCINDIA,10.87,10.87
CHENNPETRO,5.9,5.9
KRBL,12.66,12.66
HAVELLS,46.52,45.58
GAEL,21.99,21.77
USHAMART,31.91,31.03
AXISCADES,91.13,84.04
UMIYA-MRO,19.34,19.34
TIPSMUSIC,39.46,39.46
STLTECH,477.56,576.09
HIKAL,,59.21
TRIDENT,34.8,34.8
MARKSANS,28.81,28.81
GOLDTECH,292.84,
SMARTLINK,15.8,15.8
GODREJCP,58.92,53.83
JISLJALEQS,,150.35
LUPIN,20.86,19.19
UNITDSPR,53.4,51.56
TCI,19.01,19.01
MPSLTD,20.71,21.26
BHARTIARTL,35.6,32.95
ASAL,29.94,28.81
OLECTRA,62.68,63.99
PONNIERODE,5.83,12.18
PNB,5.9,5.9
APTECHT,23.67,22.11
SURANAT&P,11.46,11.51
TEAMGTY,278.88,278.88
OFSS,38.83,38.83
UNIONBANK,6.43,6.43
NUCLEUS,16.99,14.87
CANBK,6.62,6.62
GENESYS,41.32,38.35
OMAXAUTO,13.18,12.65
GODREJIND,22.86,22.32
DIVISLAB,74.92,73.37
RADICO,91.67,89.79
INDORAMA,8.7,8.55
MARUTI,30.15,30.15
VARDHACRLC,12.66,12.66
UCOBANK,11.81,11.81
BAGFILMS,18.82,18.82
JSL,19.09,18.82
NSIL,49.86,49.85
WELSPUNLIV,72.96,70.73
JAIBALAJI,45.21,44.09
TVSELECT,749.12,471.95
IGL,17.25,17.25
DREDGECORP,589.06,589.06
TVTODAY,57.47,1.01
UNIENTER,34.74,34.74
UPL,21.56,21.64
MUKANDLTD,3.48,3.48
PETRONET,10.78,10.78
PTC,6.99,6.95
VAIBHAVGBL,16.48,16.49
BIOCON,192.15,73.9
MAHABANK,8.25,8.25
POONAWALLA,53.41,53.41
XPROINDIA,167.67,167.67
RKFORGE,132.24,103.81
DATAMATICS,25.65,21.42
CCL,40.99,40.99
EXCELINDUS,14.93,14.93
LT,27.39,25.7
APARINDS,56.9,55.53
AMBICAAGAR,12.4,12.4
CENTEXT,14.15,13.6
NIITLTD,216.34,90.22
ULTRACEMCO,42.12,41.56
TCS,16.4,15.21
COFORGE,39.88,36.45
TEXINFRA,146.06,146.06
GULFPETRO,7.14,6.58
GUFICBIO,59.64,59.64
ASTRAMICRO,88.23,88.23
WELENT,21.27,19.99
NTPC,13.43,13.43
KOTARISUG,31.41,
JBMA,58.76,57.42
DWARKESH,26.49,26.49
SUPRAJIT,36.8,36.59
PATELENG,10.88,6.81
XCHANGING,12.3,12.3
JSWSTEEL,10.63,24.07
CONSOFINVT,16.67,16.67
JINDALPHOT,297.81,297.81
JPPOWER,25.66,25.66
EVEREADY,14.56,
GOKEX,60.58,60.58
SAKSOFT,17.81,17.35
ALLDIGI,15.06,13.86
IIFL,13.0,13.0
WELCORP,32.64,32.64
SSWL,19.72,19.72
CYBERMEDIA,7.91,8.25
SHAHALLOYS,3.59,
SURYALAXMI,34.36,36.75
JKPAPER,23.84,22.99
PRIMESECU,66.74,36.93
GRANULES,36.68,36.36
JSWHL,100.24,98.82
GEOJITFSL,28.5,26.57
GENUSPOWER,17.07,17.07
YESBANK,19.63,19.63
MSPL,61.34,15.29
SPLIL,13.42,13.42
MCLEODRUSS,,24.55
SEMAC,13.24,13.24
GOLDIAM,30.48,30.48
RML,30.32,29.37
HTMEDIA,,12.84
SASKEN,48.84,44.85
FCSSOFT,103.06,64.31
IMPAL,14.2,14.2
SUZLON,22.59,23.1
AURIONPRO,22.02,21.6
BASML,14.24,14.24
TRIVENI,37.97,36.89
AIAENG,34.56,34.49
NAHARINDUS,9.9,9.78
ORIENTCER,22.48,21.14
EKC,8.65,8.8
VIMTALABS,32.24,31.77
KERNEX,38.83,38.83
PVRINOX,60.8,46.26
NITINSPIN,17.43,17.43
ROHLTD,30.86,32.01
ENIL,,214.29
JAGRAN,7.45,7.45
SADBHAV,1.45,9.93
SAKUMA,28.51,28.51
KEC,21.78,20.16
JKCEMENT,44.39,42.85
INDOTECH,38.93,38.93
M&MFIN,16.14,15.56
BLKASHYAP,843.83,31.38
VISACHROME,0.55,
NITCO,93.09,81.68
CENTURYPLY,65.91,64.57
KEI,51.07,51.07
VAKRANGEE,57.97,58.13
SOLARINDS,96.28,96.24
GALLANTT,32.47,32.47
UTTAMSUGAR,8.97,8.87
KKCL,20.08,20.08
SUNTV,13.36,12.91
GPIL,20.67,20.32
RSYSTEMS,14.19,13.09
EMKAY,45.26,45.26
BALPHARMA,21.91,21.91
SWELECTES,16.26,15.77
KAMDHENU,12.07,12.07
RATNAMANI,33.87,33.4
PIONEEREMB,110.87,
JKLAKSHMI,16.79,16.13
PFOCUS,74.57,69.95
MUNJALAU,22.47,25.87
EMAMILTD,22.93,22.67
GMRAIRPORT,501.22,380.83
TECHM,29.84,28.79
GRINDWELL,55.44,55.44
VOLTAMP,45.09,45.09
ANTELOPUS,32.21,32.21
ACE,28.33,28.33
ANANTRAJ,38.49,38.49
TALBROAUTO,30.34,30.34
ALICON,30.19,28.39
GEECEE,17.01,17.01
JMFINANCIL,10.1,9.96
FIEMIND,23.4,23.4
DCBBANK,8.36,8.36
INSPIRISYS,10.22,9.7
GTLINFRA,2.04,
NAUKRI,43.72,44.67
VGL,25.19,25.19
GESHIP,6.53,6.53
TORNTPOWER,28.37,28.37
MANALIPETC,8.18,15.71
LTFOODS,21.47,21.47
DONEAR,9.97,9.97
RUCHIRA,11.39,11.39
SOBHA,80.68,80.68
VENUSREM,23.02,23.02
JINDRILL,9.88,9.69
HIRECT,110.83,108.15
NFL,20.98,20.98
PLASTIBLEN,12.08,12.08
PARACABLES,32.87,32.88
HBLENGINE,21.62,21.06
TANLA,15.23,15.23
AVTNPL,16.47,16.47
ZEEMEDIA,269.49,76.34
VEEDOL,15.22,15.22
LUMAXTECH,28.7,27.88
SARLAPOLY,,15.63
PTL,11.35,11.35
WANBURY,17.55,16.68
AUTOIND,10.87,24.98
GANDHITUBE,15.38,15.21
PITTIENG,30.16,30.16
UNOMINDA,64.43,63.19
IZMO,35.36,35.36
HUBTOWN,17.08,17.08
CTE,125.18,125.18
TIIL,19.64,19.64
ORIENTBELL,40.28,37.12
PGIL,34.91,34.78
REDINGTON,16.74,15.55
TTL,657.67,657.67
FSL,27.53,24.84
PFC,3.97,3.97
SMSPHARMA,41.27,41.27
INDIANB,8.94,8.94
ORIENTALTL,22.29,16.7
IDEA,4.31,
PAGEIND,58.26,56.36
LAOPALA,22.59,22.25
RAJTV,78.21,78.21
JKTYRE,15.01,12.14
ASTRAL,69.23,67.2
NAHARSPING,45.74,45.74
NAHARPOLY,9.17,9.17
NCLIND,6.98,6.61
BALAMINES,43.85,43.85
BANSWRAS,16.52,14.2
ICRA,27.48,26.83
PHOENIXLTD,47.69,46.99
NDLVENTURE,474.18,474.18
ZENITHSTL,17.03,23.81
BFUTILITIE,7.9,7.9
FORTIS,68.62,67.71
SRHHYPOLTD,9.41,8.43
WEBELSOLAR,14.94,14.92
TGBHOTELS,17.7,17.7
HILTON,36.05,36.05
INSECTICID,13.67,13.67
KMSUGAR,5.03,5.03
NAVINFLUOR,58.57,58.08
TIMETECHNO,21.13,21.13
NAGREEKEXP,24.35,24.35
NELCAST,23.07,23.07
V2RETAIL,49.94,57.77
DLF,63.05,68.15
TARMAT,19.39,19.39
SPARC,4.91,4.88
SIGMAADV,37.54,36.54
ADSL,16.76,16.52
ALPA,10.09,10.33
CENTRALBK,6.3,6.3
ASIANTILES,139.66,139.66
TAKE,71.69,71.69
KPRMILL,44.98,44.98
CIEINDIA,20.84,20.84
PURVA,91.91,91.91
MOTILALOFS,31.22,31.22
INDOWIND,,218.47
NAGREEKCAP,3.93,3.93
KSCL,14.66,14.66
CENTUM,465.19,98.61
POWERGRID,16.42,16.42
CCCL,11.36,
SUPREMEINF,0.13,
MAANALU,53.83,53.83
IL&FSENGG,657.27,113.71
DELTACORP,20.46,19.85
BAJAJELEC,,90.1
ENERGYDEV,,14.9
CERA,38.1,37.6
RELIGARE,116.54,116.54
BVCL,313.86,313.86
ADANIPORTS,33.8,33.33
EDELWEISS,16.98,14.68
RGL,14.34,13.02
KAUSHALYA,89.78,89.78
COLPAL,41.91,41.34
JYOTHYLAB,22.08,22.08
MADHAV,325.12,325.12
KALYANIFRG,23.87,23.87
HITECHCORP,36.44,33.69
ECLERX,26.36,26.36
TARIL,36.67,36.67
BRIGADE,25.51,25.11
MANAKSIA,7.08,7.08
PATINTLOG,10.45,10.45
PPAP,9.79,707.58
ARIES,10.59,10.59
AMBIKCO,13.83,13.83
KAVDEFENCE,289.95,289.95
CEATLTD,25.34,22.96
BIRLAMONEY,14.17,13.57
RPOWER,,164.06
JKIL,9.8,9.59
CORDSCABLE,12.72,12.72
KNRCON,8.22,8.22
SEPC,21.95,21.51
BANG,6.63,5.11
IRB,28.42,27.03
NMDC,9.87,9.87
GSS,,14.85
NAHARCAP,23.14,23.14
RECLTD,5.73,5.73
VGUARD,42.53,40.52
NESCO,18.68,18.68
DPSCLTD,55.92,55.92
TITAGARH,57.39,57.39
KIRIINDUS,0.48,5.13
BAJAJFINSV,15.1,14.9
BAJAJ-AUTO,29.15,29.06
DIGISPICE,20.27,18.92
GOKUL,21.45,21.45
RPGLIFE,41.07,42.2
ALMONDZ,19.16,19.16
ARCHIDPLY,19.87,18.12
LOTUSEYE,3156.7,3026.11
VINYLINDIA,27.36,27.36
UBL,85.69,97.49
LPDC,57.55,57.55
ZFCVINDIA,53.04,52.45
20MICRONS,10.74,10.69
JOCIL,15.28,15.28
ALKALI,151.7,151.7
COUNCODOS,79.94,79.94
TPHQ,466.48,466.48
TATACAP,39.11,38.79
MAWANASUG,11.95,10.19
AJMERA,15.91,15.91
MHRIL,66.8,74.08
VINATIORGA,30.85,30.85
LANDSMILL,92.55,92.55
ADANIPOWER,31.88,31.88
NHPC,18.86,18.86
GLOBUSSPR,26.45,26.45
OIL,11.01,11.01
EXPLEOSOL,9.92,9.26
RTNPOWER,89.19,89.19
AMRUTANJAN,26.87,24.05
SUNTECK,22.84,22.84
ZYDUSWELL,94.62,76.01
DEN,8.97,8.97
SHILPAMED,49.61,56.17
SARDAEN,16.55,16.71
REFEX,18.06,18.06
GILLANDERS,20.29,20.29
AHLUCONT,21.46,21.57
DLINKINDIA,15.36,15.36
JSWENERGY,36.07,35.04
GODREJPROP,32.67,33.02
DBCORP,10.81,10.81
HINDCOPPER,51.06,51.06
BEARDSELL,9.49,9.49
MMTC,44.93,
NESTLEIND,77.64,80.15
TRF,,49.52
WHIRLPOOL,33.16,31.04
UNITEDTEA,10.52,10.52
JUBLFOOD,75.08,72.72
VASCONEQ,16.05,16.05
THANGAMAYL,56.89,56.61
EMMBI,21.98,19.87
DBREALTY,90.36,669.37
HATHWAY,26.64,26.64
TEXMOPIPES,9.04,9.04
MANINFRA,21.08,21.08
LGBBROSLTD,15.49,15.58
PERSISTENT,43.84,42.33
ASIANHOTNR,,465.44
ISFT,9.15,9.15
KIRLOSBROS,41.07,37.59
KSL,15.68,15.33
SJVN,42.09,42.09
SUNDARAM,19.08,21.95
KIRLOSIND,11.28,11.04
MANAPPURAM,30.78,30.78
UMESLTD,47.45,44.65
TI,531.81,43.33
HMVL,7.9,6.56
IMFA,17.29,17.29
BLISSGVS,38.06,37.61
AHLWEST,10.29,7.8
AHLEAST,,31.59
BAJAJCON,30.79,30.79
UGARSUGAR,33.05,33.05
PRAKASHSTL,85.33,85.33
GPPL,14.8,15.25
ADFFOODS,36.54,34.69
WELINV,219.97,219.97
WAAREEINDO,6.44,6.44
KILITCH,21.59,21.59
DEEPAKNTR,42.31,41.63
CPCAP,4.68,4.68
GREENPOWER,16.24,18.98
RAMKY,9.4,12.37
CANTABIL,22.24,22.24
WABAG,33.55,33.31
ASHOKA,1.35,14.24
BEDMUTHA,49.9,49.9
JWL,62.17,57.98
OBEROIRLTY,26.34,26.16
PRESTIGE,55.14,55.14
SHAH,30.63,30.63
CGCL,25.99,25.99
RESPONIND,39.62,39.49
COALINDIA,8.69,8.69
IOLCP,31.63,29.74
GRAVITA,35.47,35.47
JINDWORLD,50.89,51.68
PENIND,16.27,16.27
RPPINFRA,25.84,28.99
JAMNAAUTO,22.82,22.05
SUMEETINDS,77.0,75.09
MOIL,20.52,20.52
ZEELEARN,7.31,15.18
A2ZINFRA,43.53,38.05
KIRLOSENG,58.8,56.29
RKDL,331.58,36.77
PSB,12.7,12.7
FMNL,8.79,8.79
SURANASOL,118.66,118.66
SHEKHAWATI,4.94,4.94
KICL,65.52,49.16
SUMMITSEC,15.61,15.61
STEL,51.03,51.03
TEXRAIL,27.44,27.02
HFCL,99.32,99.38
LOVABLE,14.17,14.17
PFS,5.99,5.96
MUTHOOTFIN,11.32,11.32
VADILALIND,31.12,31.12
SYMPHONY,,43.84
PIIND,30.27,32.35
RELAXO,61.09,61.09
OMINFRAL,41.07,41.07
VSTTILLERS,37.01,37.02
DELPHIFX,61.49,43.45
KARMAENG,42.69,105.43
ASHIANA,31.96,31.96
DHANUKA,15.79,15.79
MAITHANALL,6.6,6.6
RUSHIL,68.36,68.36
INVENTURE,24.56,26.82
LTF,24.29,24.14
WINDMACHIN,,711.97
IBULLSLTD,19.56,16.43
BODALCHEM,16.9,16.88
GAYAPROJ,0.5,11.42
ASAHISONG,17.67,17.67
FILATEX,17.34,17.34
BROOKS,35.25,35.25
TDPOWERSYS,73.78,73.78
APLLTD,24.18,22.4
VASWANI,41.2,41.2
PGEL,91.11,91.11
PANAMAPET,11.9,11.9
PAISALO,27.51,27.44
ONELIFECAP,24.91,24.91
SHAKTIPUMP,26.19,26.19
TRITURBINE,55.77,54.09
INDOTHAI,42.74,42.74
ESSARSHPNG,,67.08
DSSL,18.24,18.24
JISLDVREQS,5.19,0.9
POLYMED,54.07,53.23
RUPA,18.12,17.1
VIKASECO,265.19,265.19
APLAPOLLO,41.44,41.44
KANANIIND,11.52,11.52
MINDACORP,58.51,58.44
THOMASCOTT,20.17,19.32
DBSTOCKBRO,43.29,43.29
IRFC,16.48,16.48
COMPUSOFT,35.95,351.24
RHIM,,44.37
SCHNEIDER,143.82,139.27
NDL,10.27,10.27
NBCC,35.38,38.43
TBZ,8.51,8.51
VSSL,23.64,23.64
SWANCORP,36.1,36.1
SPECIALITY,30.04,26.44
CINELINE,22.81,21.93
SAMPANN,19.4,19.4
PROZONER,39.09,39.09
THEJO,41.76,40.23
MAYURUNIQ,17.8,17.8
ROSSELLIND,14.7,14.5
DUCON,8.96,8.96
TVSHLTD,8.22,8.14
ZUARI,1.28,
VETO,10.14,10.14
CARERATING,28.92,28.92
PCJEWELLER,11.74,11.73
INDUSTOWER,14.9,14.9
VMART,47.87,47.67
REPCOHOME,5.59,5.59
JUSTDIAL,12.96,12.5
ATULAUTO,31.03,30.28
ORIENTCEM,8.36,8.28
ESSENTIA,613.09,613.09
PILITA,66.68,66.68
AURUS,8.07,8.07
MITCON,13.88,13.88
ORBTEXP,18.77,18.77
JPOLYINVST,1.29,1.29
SREEL,17.14,17.11
NATHBIOGEN,6.96,8.0
CASTROLIND,19.03,18.71
SDBL,130.77,68.11
IREDA,18.23,18.23
BUTTERFLY,30.4,29.64
WONDERLA,36.46,34.89
AGARIND,17.01,17.01
HATSUN,58.01,58.01
CAPLIPOINT,30.58,30.58
GOCLCORP,7.16,7.46
GULFOILLUB,14.54,13.92
SNOWMAN,189.77,59.14
SHARDACROP,11.91,11.91
SUPERHOUSE,233.5,233.5
PDSL,28.52,28.52
INTELLECT,31.32,29.86
MONTECARLO,9.95,9.95
GOODLUCK,28.16,28.16
FCL,36.1,36.1
GULPOLY,10.27,10.27
APOLSINHOT,30.83,34.28
CCHHL,,26.05
LAMBODHARA,10.94,10.94
GRPLTD,311.38,221.46
GENUSPAPER,21.92,21.92
MOLDTKPAC,31.72,32.0
GREENLAM,113.57,120.83
VISHNU,28.66,28.66
GANECOS,84.27,84.27
LINC,17.52,17.52
MENONBE,25.47,25.47
HESTERBIO,40.74,42.37
JMA,6.75,6.75
MANAKALUCO,31.91,31.91
MANAKSTEEL,12.57,12.57
MANAKCOAT,33.5,33.5
ZENTEC,72.55,72.79
IMAGICAA,4234.18,6074.46
INOXWIND,29.98,29.98
LFIC,38.54,38.54
BYKE,26.05,26.05
AVANTIFEED,21.27,21.0
VRLLOG,17.13,17.13
PRIVISCL,45.34,45.34
BCG,2.03,2.03
UFO,11.33,11.33
TPLPLASTEH,21.37,21.37
NILAINFRA,9.42,9.42
ARROWGREEN,21.33,21.33
PNCINFRA,7.57,15.04
SKIPPER,29.34,28.24
ALANKIT,10.24,10.24
ORICONENT,51.1,63.02
ADANIENSOL,86.48,86.48
SYNGENE,53.21,46.15
AYMSYNTEX,219.95,219.95
RAMASTEEL,64.1,64.1
MUTHOOTCAP,15.31,14.3
SATIN,8.48,8.48
ARVSMART,26.72,26.72
POWERMECH,19.5,19.5
SHARDAMOTR,14.63,15.29
NAVKARCORP,39.56,39.56
SHREEPUSHK,18.82,18.82
GUJENERGY,26.26,22.88
SADBHIN,1.94,0.56
IDFCFIRSTB,42.98,42.98
COFFEEDAY,3.32,
SHK,25.65,40.09
BALAXI,92.24,92.24
LUXIND,36.23,34.92
TTKHLTCARE,21.09,20.29
SALZERELEC,18.78,18.78
PILANIINVS,74.28,74.28
KRIDHANINF,11.21,24.4
LINCOLN,13.6,13.6
LALPATHLAB,55.49,53.34
ALKEM,28.27,26.83
NH,51.17,48.72
PRECAM,26.24,30.88
TEAMLEASE,17.06,16.46
HITECH,22.94,22.94
VIDHIING,31.37,31.37
BHAGERIA,19.96,19.96
NECCLTD,21.07,21.07
KELLTONTEC,8.59,8.59
VIYASH,77.18,55.72
GOKULAGRO,16.88,16.88
KDDL,28.98,28.6
PDMJEPAPER,8.43,8.43
HCG,459.29,67.27
HECPROJECT,10.21,10.21
WEALTH,26.32,26.32
BHARATWIRE,18.97,18.97
CCAVENUE,19.89,19.71
THYROCARE,51.32,49.95
CROMPTON,,26.91
SAGARDEEP,15.25,16.64
PARAGMILK,20.81,19.96
SHRIPISTON,32.7,31.57
UNITEDPOLY,26.72,26.72
ARMANFIN,36.37,36.37
BLS,13.41,13.41
ASPINWALL,14.8,19.12
SALONA,85.84,85.84
PREMEXPLN,77.91,71.64
CONTROLPR,23.85,25.42
INCREDIBLE,13.47,13.47
MAHASTEEL,152.83,162.25
DAMODARIND,12.92,12.92
MGL,12.87,12.87
MOLDTECH,35.63,35.63
POKARNA,37.2,37.2
COMPINFO,0.3,0.3
GPTINFRA,15.24,15.24
QUESS,19.56,18.91
GROBTEA,18.28,16.72
KKVAPOW,9.48,9.48
SOMICONVEY,23.32,23.32
LLOYDSENGG,83.27,83.27
LTM,23.26,21.68
GATECH,6.16,6.16
MINDTECK,20.52,19.35
ADVENZYMES,20.68,21.81
DBL,4.74,10.69
SPAL,24.08,23.48
RBLBANK,63.4,63.4
MBAPL,38.51,38.51
CUPID,266.84,266.84
LTTS,27.77,26.7
GNA,18.41,18.41
CROWN,14.72,14.72
ICICIPRULI,42.6,42.6
MARATHON,13.99,13.88
HPL,24.26,23.26
JETKNIT,472.9,472.9
JAIPURKURT,26.85,26.85
MASKINVEST,778.34,778.34
SAKAR,64.06,64.06
PANSARI,30.71,30.71
ARTNIRMAN,192.01,192.01
ENDURANCE,40.39,39.78
NIRAJISPAT,7.05,7.05
MAZDA,16.65,16.65
PNBHOUSING,12.51,12.51
VBL,48.69,48.69
KINGFA,36.85,36.85
AGROPHOS,8.7,9.16
PODDARMENT,16.21,16.21
ROLLT,3.2,
NBIFIN,50.62,50.62
KIOCL,1358.55,1358.55
JETFREIGHT,16.14,16.14
SFL,59.34,64.41
TCIEXP,27.38,26.89
LAURUSLABS,92.88,92.88
TERASOFT,20.13,20.13
ITDC,77.05,77.05
HISARMETAL,24.67,24.67
RHFL,4.03,33.8
LIBAS,135.61,10.74
PROLIFE,7.22,7.22
SPCENET,12.6,12.6
MAHESHWARI,12.64,12.64
BHANDARI,16.13,16.13
BSE,60.62,60.62
MCL,31.82,31.82
PRICOLLTD,29.9,29.9
STEELCITY,7.9,7.9
KRISHANA,22.08,22.08
GLOBAL,19.92,19.92
NITIRAJ,210.58,210.58
AKASH,69.45,46.75
DMART,84.3,84.3
TASTYBITE,63.58,62.99
INTENTECH,,13.6
AIRAN,15.79,15.1
ARIHANTSUP,24.62,24.62
URJA,246.22,246.22
EIFFL,173.71,176.46
NRAIL,16.66,14.79
SHANKARA,9.45,9.38
NACLIND,1057.07,225.42
CNL,19.6,19.6
WIPL,313.33,313.33
FOCUS,105.08,102.25
DEVIT,2.03,
SIKKO,35.08,35.08
MKPL,24.63,24.63
DOLLAR,13.85,14.08
PANACHE,42.27,36.44
INFOBEAN,18.69,18.69
SCHAND,7.2,6.9
BHAGYANGR,25.58,25.58
PSPPROJECT,74.61,74.61
JALAN,183.02,44.71
STARCEMENT,21.7,21.21
GLOBE,10.59,10.59
ERIS,31.15,30.44
CDSL,64.55,64.55
GTPL,123.51,117.17
AUBANK,29.23,29.23
SHRENIK,110.07,110.07
DYNPRO,14.04,14.04
STEELXIND,56.85,56.85
SALASAR,59.8,59.8
UNIVASTU,16.48,16.48
AVADHSUGAR,18.65,17.96
PALASHSECU,5.26,5.26
MAGADSUGAR,11.1,10.97
GANGESSECU,43.4,43.4
THEINVEST,29.6,30.94
TOTAL,11.18,11.18
OPTIEMUS,101.29,101.29
WEWIN,10.44,10.44
SIS,57.85,13.71
COCHINSHIP,51.48,51.48
HALEOSLABS,26.68,26.68
VAISHALI,25.37,25.37
LEXUS,32.17,
GEEKAYWIRE,8.19,8.19
SERVOTECH,73.17,73.17
ABCAPITAL,32.19,31.84
APEX,32.2,33.85
PASHUPATI,134.0,134.0
MANAV,10.27,10.27
DIXON,53.99,53.99
DCAL,30.8,30.22
MATRIMONY,25.75,25.75
CHOLAHLDNG,5.39,5.39
CAPACITE,10.18,10.18
ICICIGI,33.16,33.16
WORTHPERI,12.36,12.27
SBILIFE,74.29,74.29
RMDRIP,23.13,23.13
DPWIRES,15.42,15.42
AARVI,12.54,12.27
DIAMONDYD,289.64,259.59
AIROLAM,21.04,21.04
RKEC,7.26,7.26
GATECHDVR,0.97,0.97
GOLDSTAR,11.42,11.42
JASH,43.45,43.48
RELIABLE,18.33,18.16
BETA,256.7,256.7
TIRUPATIFL,139.9,139.9
GODREJAGRO,26.97,25.58
TCPLPACK,29.92,27.25
MASFIN,15.15,15.01
IEX,23.14,23.14
DPABHUSHAN,14.4,14.4
GICRE,7.13,7.13
TIINDIA,50.07,48.42
NAM-INDIA,49.64,49.64
MAHLOG,357.19,307.77
NIACL,21.28,21.28
IFGLEXPOR,44.17,34.95
KHADIM,58.85,30.59
5PAISA,38.77,38.77
HDFCLIFE,62.02,62.02
AISL,14.38,14.38
VERTOZ,12.06,12.06
PULZ,10.81,10.81
SILVERTUC,70.17,70.17
ZODIAC,18.88,18.88
FELIX,17.78,17.78
ICEMAKE,104.19,104.19
SHRADHA,10.09,10.09
INNOVANA,21.06,21.06
SHALBY,51.06,51.06
TOUCHWOOD,18.78,18.78
ONEPOINT,37.5,36.61
SMVD,0.48,
SHIVATEX,18.82,18.82
AJOONI,16.55,16.55
MOKSH,10.21,10.21
BCONCEPTS,214.54,128.79
APOLLO,137.66,137.66
NEWGEN,24.88,22.76
AMBER,86.97,109.5
SOLEX,14.45,14.51
GALAXYSURF,25.54,24.62
PARAMPARA,104.29,104.29
SINTERCOM,150.14,150.14
SOUTHWEST,20.68,21.26
ARVEE,68.93,68.93
ASTERDM,91.53,88.42
BANKA,280.58,154.91
GMMPFAUDLR,64.01,32.73
HGINFRA,10.85,11.91
HINDCON,34.89,34.89
SARVESHWAR,13.55,13.55
MACPOWER,39.19,39.19
TARACHAND,15.95,15.95
BDL,109.43,109.43
MDL,28.6,27.99
TSFINV,83.59,83.59
BANDHANBNK,28.08,28.08
HAL,33.18,33.18
URAVIDEF,378.43,378.43
MITTAL,18.02,26.53
SANDHAR,18.45,18.82
GIRIRAJ,19.32,19.32
KAPSTON,45.73,45.73
MIDHANI,58.44,58.44
CONTI,14.35,14.15
LEMONTREE,30.67,27.81
AVG,14.41,14.41
MMP,31.32,20.84
NARMADA,38.53,38.53
PIGL,15.78,15.71
BSHSL,35.04,35.04
MAHICKRA,46.46,46.46
AAKASH,25.89,25.89
SOFTTECH,110.13,105.63
ORIENTELEC,38.49,35.98
BORORENEW,20.31,20.68
SIRCA,34.15,34.15
SVLL,148.25,148.25
LATTEYS,31.98,31.52
SONAMLTD,24.96,24.96
ADANIGREEN,158.83,139.82
OSWALSEEDS,13.3,13.3
PRITI,57.24,57.24
ACCURACY,19.45,19.45
GAYAHWS,2.27,2.27
FINEORG,36.89,37.36
RITES,23.8,23.8
VARROC,43.8,31.25
AVROIND,26.76,26.76
HDFCAMC,38.55,38.55
TEMBO,10.41,10.68
CREDITACC,30.47,30.47
AARON,36.28,36.28
SIGIND,8.42,7.6
SUMIT,41.1,41.1
LAGNAM,10.79,10.79
RPPL,9.58,9.58
AKG,87.11,87.11
IRCON,23.89,23.89
AHLADA,276.53,276.53
SPECTRUM,61.44,61.44
AAVAS,17.94,17.94
KSHITIJPOL,6.48,6.48
GRSE,39.53,39.53
KRITIKA,23.99,19.71
PARIN,108.05,108.05
SILGO,51.92,51.55
VINNY,53.45,53.45
BBTCL,22.44,22.44
MARINE,59.63,58.57
IRISDOREME,54.7,54.7
UWCSL,15.03,15.03
ATGL,122.63,122.63
TECHNOE,26.8,26.8
SHUBHLAXMI,20.98,20.98
UNIPARTS,19.28,18.98
SHRIRAMPPS,14.39,14.39
TREJHARA,38.38,37.1
NILASPACES,16.89,16.89
AWHCL,13.77,13.77
DALBHARAT,29.56,28.85
SURANI,67.63,451.73
CHALET,29.29,29.24
MSTCLTD,18.76,18.76
OSIAHYPER,2.97,2.97
ANUP,39.31,38.9
ARVINDFASN,33.69,30.85
PAR,9.85,9.85
KHFM,32.28,32.28
RVNL,60.51,60.51
POLYCAB,45.95,45.95
METROPOLIS,59.14,57.08
KPITTECH,22.5,21.17
SWSOLAR,,19.23
NEOGEN,209.32,209.32
EMAMIPAP,8.94,8.84
VCL,3.89,3.89
CONFIPET,25.48,25.48
PPL,14.15,14.15
DGCONTENT,187.2,9.01
INDIAMART,21.7,21.7
ATMASTCO,20.56,20.56
ABINFRA,33.29,33.28
OAL,364.73,364.73
DCMNVL,170.83,35.16
SATIA,14.7,11.29
WEL,148.88,148.88
AFFLE,47.44,47.44
CHEMCON,28.16,28.16
WESTLIFE,221.01,
DOLATALGO,9.48,9.48
HNDFDS,46.64,45.52
UJJIVANSFB,18.23,18.23
MAZDOCK,36.36,36.36
IRCTC,29.11,29.36
SAFARI,47.9,47.9
DCI,20.79,20.79
360ONE,35.89,35.89
IIFLCAPS,18.74,18.74
HPIL,51.85,51.85
SAMHI,6.41,7.9
SHIVAUM,74.68,74.68
FLUOROCHEM,79.19,77.44
KUANTUM,15.87,15.87
APOLLOPIPE,471.88,471.88
CHEMBOND,16.31,15.78
MGEL,12.02,15.7
ROUTE,13.76,
SBICARD,28.75,28.75
HOMEFIRST,24.02,24.02
SIGMA,16.07,16.07
CSBBANK,10.1,10.1
EQUITASBNK,86.24,86.24
ROSSARI,19.77,19.77
HINDWAREAP,,37.37
PRINCEPIPE,40.66,39.62
LIKHITHA,24.62,24.62
PARKHOTELS,49.8,48.16
ARTEMISMED,41.11,40.18
PATANJALI,20.25,18.96
SUMICHEM,49.51,48.44
LGHL,356.57,412.2
ATALREAL,57.94,57.94
ASALCBR,18.52,18.52
MAHEPC,32.55,27.35
UNIVPHOTO,24.8,24.8
COHANCE,112.61,107.46
POWERINDIA,144.73,138.98
STOVEKRAFT,60.97,60.97
BHARTIHEXA,46.32,45.64
KSOLVES,18.98,18.98
RAJRATAN,35.14,35.14
HAPPSTMNDS,27.19,25.8
AARTISURF,26.93,26.93
GLAND,39.32,38.68
BOROLTD,38.25,36.78
NDRAUTO,38.72,38.35
MAXHEALTH,73.54,71.45
PAVNAIND,43.79,28.16
AAATECH,55.46,55.46
KALYANKJIL,43.93,43.03
BTML,12.79,12.87
SHAREINDIA,11.88,11.88
UNIDT,23.92,23.92
ANGELONE,29.11,29.11
ADL,19437.34,230.75
NIRAJ,8.3,8.3
VALIANTORG,22.2,26.63
CAMS,39.43,39.43
SURYODAY,12.57,12.57
ROML,14.26,14.26
UTIAMC,25.58,21.75
RAILTEL,27.62,26.35
BECTORFOOD,41.1,41.1
KHAICHEM,8.15,8.15
ORCHPHARMA,251.33,191.44
SUBEXLTD,26.14,24.08
NURECA,128.29,128.29
INDIGOPNTS,34.4,33.42
LXCHEM,60.0,60.0
TARC,183.56,183.56
RVHL,5.66,5.66
MTARTECH,197.78,192.29
FAIRCHEMOR,160.09,166.48
ANURAS,64.94,64.94
KANPRPLA,11.96,11.96
ISGEC,18.35,17.75
RUBFILA,15.02,15.02
STYLAMIND,36.76,36.76
PAKKA,43.24,43.24
CLSEL,11.76,11.76
CARYSIL,33.64,33.36
MANCREDIT,32.19,32.19
SHAILY,74.73,74.73
MODISONLTD,13.22,12.16
FIBERWEB,9.09,9.09
BCLIND,8.51,8.51
BHAGCHEM,193.01,193.01
SBCL,60.43,59.83
AADHARHFC,20.64,20.41
SMCGLOBAL,16.56,16.56
NPST,80.7,80.7
SVPGLOB,1.08,
ARIHANTCAP,25.15,25.15
SIDDHIKA,12.9,12.9
NAZARA,32.67,9.12
IPL,14.58,14.58
GENCON,27.02,27.02
LODHA,34.71,34.71
HLEGLAS,51.82,47.61
BESTAGRO,61.78,61.78
VMARCIND,40.52,40.52
SONACOMS,69.76,65.71
DRCSYSTEMS,9.72,9.35
PARAS,105.88,108.59
CRAFTSMAN,62.2,60.68
DODLA,24.49,24.31
EXXARO,101.94,101.94
JUBLINGREA,42.33,40.95
ROLEXRINGS,30.47,1.5
SHYAMMETL,26.92,26.92
KIMS,140.87,138.66
MAKS,19.77,19.77
JSFB,13.68,13.68
TATVA,65.01,63.46
CLEAN,34.45,34.45
AILIMITED,29.94,29.94
ALIVUS,24.64,23.85
ABSLAMC,34.13,34.06
DEEPINDS,15.46,11.57
ETERNAL,755.68,755.68
BEWLTD,20.56,20.56
PIXTRANS,22.92,22.92
MEDIASSIST,29.81,29.9
WINDLAS,26.22,26.22
CARTRADE,53.24,51.99
KRSNAA,17.26,17.26
EQUIPPP,140.08,140.08
APTUS,16.3,16.3
SUPRIYA,31.89,31.84
ANMOL,5.41,5.41
BMETRICS,26.85,26.85
ABCOTS,34.21,34.21
VIJAYA,79.79,79.79
ACUTAAS,83.15,83.15
MOL,41.49,41.49
SUYOG,15.79,15.79
SANSERA,61.53,59.26
BAJAJHCARE,59.07,23.07
PRITIKAUTO,13.13,13.13
NIVABUPA,121.69,121.69
GRINFRA,9.56,9.91
INTLCONV,7.26,7.26
DUGLOBAL,33.34,33.34
PAYTM,156.15,126.48
STEELCAS,35.14,35.14
HPAL,44.81,41.63
UGROCAP,8.59,8.59
STARHEALTH,61.6,61.6
KPIGREEN,15.9,15.96
YUKEN,68.33,68.33
SGIL,198.74,202.15
ANANDRATHI,73.78,73.78
SJS,40.53,40.53
FINOPB,27.64,25.49
POLICYBZR,108.48,108.48
NYKAA,453.65,426.78
AWL,24.76,24.28
MONARCH,14.71,14.71
SAPPHIRE,,1382.62
PRUDENT,53.95,53.95
EPIGRAL,13.63,13.63
NUVOCO,32.25,29.68
GOCOLORS,31.05,31.05
NGIL,45.5,45.5
IXIGO,106.04,103.44
CMSINFO,14.54,14.24
FUSION,263.7,263.7
COASTCORP,13.34,13.34
TARSONS,106.79,101.97
MEDPLUS,43.82,43.82
TEGA,89.23,89.23
RATEGAIN,57.92,53.53
MANORG,18.54,16.51
LATENTVIEW,31.11,31.11
METROBRAND,84.37,84.37
EMCURE,35.93,35.14
PASUPTAC,7.46,7.42
FOODSIN,15.48,15.48
PARADEEP,15.56,15.05
MAPMYINDIA,45.64,45.64
3IINFOLTD,10.81,9.73
TMB,9.44,9.44
KRITI,252.7,69.86
DYNAMIC,7.94,7.94
MANYAVAR,25.83,25.83
GANESHBE,10.25,11.28
DMCC,24.21,24.21
MEDICAMEQ,33.05,33.05
EMIL,46.24,48.47
SHIVALIK,19.24,19.24
GODAVARIB,371.91,37.74
UMAEXPORTS,84.08,84.08
WAAREEENER,21.04,19.92
DATAPATTNS,84.29,83.61
JSLL,31.71,31.71
COOLCAPS,29.52,29.52
MEDANTA,63.91,63.79
AFSL,9.78,9.78
MALLCOM,21.92,21.92
IRIS,35.81,35.81
ASIANENE,35.2,29.34
DIGJAMLMTD,38.49,38.49
SMLT,19.85,19.85
NRL,45.18,45.18
RADIANTCMS,14.52,14.55
GPTHEALTH,29.65,29.65
CHOICEIN,75.74,75.74
EUROBOND,15.21,15.21
HARIOMPIPE,16.51,16.51
GRWRHITECH,47.88,47.88
CAPITALSFB,9.77,9.77
DELHIVERY,253.54,215.4
DCMSRIND,8.53,8.53
VERANDA,16.23,41.36
RAJRILTD,42.9,42.9
EMUDHRA,33.72,33.72
DYCL,22.18,22.18
FIVESTAR,14.98,14.98
STARTECK,11.36,11.36
SBC,58.77,58.77
ELDEHSG,31.83,31.83
RICHA,17.48,17.48
ELIN,23.83,22.99
ANUHPHR,19.29,19.29
SHIGAN,19.56,19.56
MADHAVBAUG,23.96,23.96
SEJALLTD,30.57,30.57
MHLXMIRU,6.73,6.73
RELCHEMQ,18.72,18.72
GATEWAY,11.19,11.1
SYRMA,75.79,75.0
JTLIND,28.49,28.49
CAMPUS,48.05,48.05
RAINBOW,53.87,53.67
TBOTEK,64.85,65.33
VENUSPIPES,34.72,34.59
AETHER,89.21,86.32
CAPILLARY,90.08,194.49
ROTO,49.52,49.52
SPRL,5.22,5.22
MEGASTAR,40.98,40.98
SANATHAN,48.26,48.26
INDOBORAX,29.73,34.82
LANDMARK,57.3,54.3
RACE,26.0,42.03
AVONMORE,187.36,187.36
ETHOSLTD,70.75,69.86
DREAMFOLKS,31.5,31.5
SONUINFRA,4.06,4.06
MSUMI,42.79,42.79
DHARMAJ,15.99,15.99
HARSHA,24.63,24.63
KRISHIVAL,40.13,40.13
GMRP&UI,16.31,
KCK,239.31,239.31
LICI,9.54,9.54
INDOAMIN,11.25,11.25
TVSSCS,51.98,130.72
SWARAJ,23.15,23.15
AMEYA,15.5,15.5
INOXGREEN,71.95,71.95
FEDFINA,15.53,15.53
ACI,64.47,64.47
BIKAJI,62.92,62.18
RITCO,24.56,24.56
SURAJEST,10.54,10.54
SKP,293.82,293.82
RILINFRA,6.94,6.94
HARDWYN,58.33,58.33
CHEVIOT,12.78,12.78
MUKKA,12.48,12.48
HMAAGRO,6.66,6.66
VIKRAMSOLR,14.81,14.68
MWL,22.0,22.0
MEDICO,24.56,24.56
KFINTECH,44.55,43.45
YATHARTH,47.54,47.54
YATRA,36.48,34.11
ARISTO,10.9,10.9
KAYNES,62.37,62.1
NGLFINE,40.27,40.27
SABAR,34.89,34.89
JFLLIFE,19.03,19.06
FIDEL,14.8,14.4
AXITA,174.89,174.89
PLAZACABLE,25.51,25.51
SENCO,10.4,10.4
USASEEDS,11.32,11.32
QVCEL,8.69,8.69
RADHIKAJWE,10.39,10.39
SPLPETRO,39.55,38.62
RAMRAT,34.09,33.26
CSLFINANCE,5.61,5.6
AGNI,40.13,21.26
KORE,18.82,18.82
GOYALALUM,29.37,29.37
RUSTOMJEE,57.28,57.28
DBOL,22.2,22.2
KANDARP,50.35,50.35
SPORTKING,20.75,20.75
ALLETEC,10.91,10.36
AIIL,25.1,25.1
ABDL,78.35,77.62
MANORAMA,44.66,44.66
ISHAN,24.44,24.73
INNOVACAP,39.09,39.09
GRMOVER,25.08,25.08
SYNCOMF,16.56,16.57
CEWATER,33.93,30.73
DJML,32.2,32.2
BAHETI,26.96,26.96
SULA,49.26,47.15
SIGNATURE,10.41,
ANNAPURNA,9.28,9.21
KRITINUT,11.38,11.38
MEGAFLEX,16.68,16.68
KALAMANDIR,10.33,10.33
RAMAPHO,8.23,8.23
AVALON,101.98,101.98
CONCORDBIO,54.81,54.28
GODIGIT,47.88,47.88
BAIDFIN,10.58,10.58
PHANTOMFX,8.85,8.85
KAMOPAINTS,747.06,747.06
DOLLEX,23.96,23.96
BLUEJET,44.65,44.65
MVGJL,6.61,6.55
JIWANRAM,12.57,12.57
UYFINCORP,6.6,6.6
SCPL,26.92,26.92
SUKHJITS,18.58,18.58
ARHAM,24.64,24.64
MANKIND,53.26,50.87
SKYGOLD,34.14,34.14
AEROENTER,15.58,15.44
DIVGIITTS,59.54,59.54
EIEL,20.52,19.82
PRITIKA,22.36,22.36
USK,73.87,73.87
ANLON,35.41,35.41
MOTISONS,24.98,24.89
SRIVASAVI,21.2,21.2
DIACABS,74.09,74.09
IKIO,40.8,40.8
MANOMAY,17.5,17.5
MOXSH,42.76,42.76
FAZE3Q,40.61,40.61
NSLNISP,214.56,214.56
RBMINFRA,6.12,6.12
LLOYDSME,27.57,27.57
AARTIPHARM,35.96,35.49
RHL,12.0,12.0
SAHYADRI,10.64,10.49
SAHANA,10.87,10.87
NINSYS,51.85,51.85
DUCOL,24.03,24.03
SBFC,23.11,23.11
SBGLP,11.44,11.44
ASMS,36.77,36.98
HYBRIDFIN,19.66,19.66
SHERA,11.33,11.33
LRRPL,19.87,19.87
INDGN,30.69,29.52
ZAGGLE,20.98,20.98
GANDHAR,14.84,14.84
MCON,10.79,10.79
HONASA,75.99,74.58
RISHABH,24.9,24.9
IRMENERGY,18.85,18.85
AERONEU,131.77,59.79
DENEERS,6.96,6.96
JGCHEM,25.43,25.43
CYIENTDLM,62.68,62.68
NIRMAN,1.87,1.87
AKI,17.06,17.06
MASTER,25.09,25.09
RPTECH,17.14,17.14
LORDSCHLO,14.54,14.54
SYSTANGO,10.22,10.22
RATNAVEER,20.07,20.07
MOS,32.22,32.22
SECMARK,52.05,52.05
AUROIMPEX,7.47,7.47
SPECTSTM,11.67,11.67
ATAM,31.73,31.73
AFIL,9.49,9.49
SHRITECH,7.94,7.94
INFOLLION,12.96,12.96
LAL,33.89,33.89
URBAN,7.4,7.4
INFINIUM,22.99,22.99
AARTECH,37.71,32.5
POCL,31.65,31.53
KRISHCA,22.9,22.9
AATMAJ,58.96,58.96
DOLPHIN,22.0,22.0
TATATECH,58.26,118.48
REMUS,18.74,18.74
NOVAAGRI,16.96,16.96
REDTAPE,30.8,30.8
ASHOKAMET,3.33,3.33
SICALLOG,39.09,
YUDIZ,72.45,21.04
PENTAGON,22.29,22.29
CELLPOINT,448.04,448.04
SEL,14.13,14.13
PROV,41.14,41.14
PTCIL,264.85,264.85
KDL,3.83,3.83
NETWEB,117.42,117.42
PYRAMID,20.54,20.54
MAGSON,321.43,321.43
AEROFLEX,97.85,97.85
EMSLIMITED,25.4,25.4
EFACTOR,10.7,10.7
GHCLTEXTIL,15.44,15.44
MONOPHARMA,53.81,53.81
UDS,11.63,11.19
DENTALKART,76.33,76.33
SYNOPTICS,15.26,15.26
CLSL,16.08,16.21
SSFL,14.92,14.92
KIRLPNU,43.33,41.89
ATL,15.82,15.53
BALUFORGE,21.05,21.05
RRKABEL,53.24,51.72
COMMITTED,35.57,35.57
JSWINFRA,51.54,49.42
SANGANI,11.2,11.2
JLHL,52.87,51.62
SCILAL,67.33,67.33
NUVAMA,33.13,33.13
DRONE,80.26,80.26
GLOBALPET,33.63,35.21
YASHO,143.72,143.72
SERVICE,16.13,16.13
KEL,10.44,10.44
PRAMARA,19.01,19.01
NIITMTS,13.3,14.65
VINSYS,24.64,24.64
ZEAL,7.89,7.89
RACLGEAR,32.3,32.18
WCIL,24.87,24.87
ARVINDPORT,37.51,37.51
SAROJA,7.12,7.12
SINDHUTRAD,506.7,1097.4
UNIHEALTH,24.66,24.66
ORIANA,11.84,11.84
ASKAUTOLTD,32.22,32.22
CHAVDA,22.46,22.46
ONDOOR,13.47,13.47
TRANSTEEL,12.09,12.09
SANDUMA,14.46,13.94
PLADAINFO,5.38,5.38
LLOYDSENT,31.7,31.45
OLIL,108.22,108.22
RBZJEWEL,11.0,11.0
MASTERTR,8.41,8.41
KODYTECH,97.87,97.87
KARNIKA,40.35,40.35
AKANKSHA,30.01,30.18
SCML,13.88,13.88
SAAKSHI,42.14,42.14
MUFIN,95.49,95.49
MAL,5.42,5.42
HIGREEN,105.9,39.28
PLATIND,24.59,24.41
MUFTI,11.67,11.43
FLAIR,19.38,19.38
BASILIC,16.77,16.69
CELLECOR,20.21,20.21
MUTHOOTMF,24.04,24.04
SRGHFL,15.12,15.12
INDIFRA,584.67,584.67
JIOFIN,89.45,89.45
MCLOUD,14.62,14.47
CPS,1797.68,1797.68
MADHUSUDAN,21.03,21.03
TICL,20.86,20.86
WOMANCART,10.09,10.09
RCDL,5.04,5.04
BLSE,35.99,35.99
SHANTHALA,11.99,11.99
TREL,15.05,16.18
MARCO,14.24,14.24
VISHNUINFR,13.5,13.5
RKSWAMY,23.35,21.65
EPACK,239.46,239.46
HAPPYFORGE,49.92,49.92
IBLFL,61.82,61.82
INDIASHLTR,17.64,17.64
CELLO,24.31,23.91
CANARYS,7.19,7.15
DIGIDRIVE,13.37,11.33
DOMS,57.39,57.39
DIGIKORE,5.15,5.15
GLOSTERLTD,41.27,41.27
LANCORHOL,4.59,4.48
AMNPLST,30.27,30.27
POLYSIL,77.06,77.06
SARTELE,8.54,8.54
VINYAS,54.07,54.07
SAIFL,3.9,3.9
JNKINDIA,40.94,40.94
AFFORDABLE,34.26,34.26
ARKADE,522.01,18.14
INOXINDIA,69.69,69.09
GRAPHISAD,11.97,11.91
SHEETAL,29.47,29.47
ROXHITECH,5.34,5.34
JYOTICNC,52.9,52.9
STANLEY,69.36,67.49
BAJEL,76.22,75.6
EFORCE,81.63,81.63
DEEM,21.3,21.3
APS,10.17,10.17
ENTERO,35.04,33.99
TECHLABS,38.68,38.68
SIGNPOST,24.89,24.89
ROCKINGDCE,9.99,9.99
SUNCLAY,12.1,
SHREEOSFM,12.95,12.95
PRESSTONIC,15.46,15.46
HRHNEXT,7.49,7.49
INDOFARM,30.87,30.87
DEEDEV,62.09,60.89
MEGATHERM,17.77,17.22
OWAIS,110.94,110.94
SSDL,9.07,9.36
BRACEPORT,15.82,15.75
KLL,4.35,4.35
ZENITHDRUG,22.18,22.18
SJLOGISTIC,6.62,6.62
PURVFLEXI,15.32,15.32
SRM,10.19,10.19
AZAD,112.65,112.65
PRATHAM,34.09,34.09
KONSTELEC,13.37,13.37
JUNIPER,30.69,23.5
KRYSTAL,13.06,13.06
VSTL,24.13,21.92
DURLAX,12.21,12.21
INM,17.67,17.67
SUPREMEPWR,26.48,26.48
KCEIL,6.07,6.07
MAXESTATES,426.86,426.86
CGRAPHICS,16.87,16.87
ACCENTMIC,28.08,28.08
COMSYN,29.01,29.01
SADHAV,12.92,12.92
WTICAB,9.94,9.94
GOPAL,44.95,80.69
DAVANGERE,58.67,58.67
MAXPOSURE,8.4,8.4
UEL,530.2,530.2
ALPEXSOLAR,20.76,20.76
KRONOX,20.47,20.47
VHLTD,48.1,48.1
SIGNORIA,10.29,10.29
KROSS,22.46,22.46
FALCONTECH,9.12,9.12
TCL,23.92,23.92
ENSER,10.84,10.88
DELAPLEX,6.95,6.95
BOSS,9.16,9.16
DENTA,14.36,14.36
SINCLAIR,42.26,42.26
SHREEKARNI,19.29,19.29
BLUEPEBBLE,62.0,62.0
LAMOSAIC,28.29,28.29
AIMTRON,61.0,61.0
STALLION,56.87,56.87
DCG,11.22,11.22
AWFIS,29.12,29.12
DIFFNKG,29.76,29.44
K2INFRA,5.11,5.11
RBS,15.23,15.23
ASPIRE,8.0,8.0
ESCONET,29.5,29.5
VRAJ,15.1,15.1
MVKAGRO,65.73,65.73
BALAJEE,18.86,18.86
SANSTAR,62.55,62.55
FILATFASH,55.92,55.92
AVPINFRA,3.4,3.4
SATECH,20.76,20.76
AGARWALTUF,11.13,11.13
SILKFLEX,18.97,19.0
KRN,107.0,107.44
UNIECOM,47.68,47.68
GGBL,8.99,8.99
MACOBSTECH,65.88,65.88
TAC,37.35,37.35
BANSALWIRE,30.51,30.06
EMMIL,11.77,11.77
DPEL,54.25,54.25
AQYLON,147.86,
INDOUS,13.34,13.34
VILAS,22.91,22.91
GARUDA,13.28,13.28
MASON,13.57,13.57
TRUST,9.08,9.08
YASHOPTICS,31.46,31.46
SATIPOLY,5.61,5.61
ALUWIND,10.94,10.94
TBI,6.44,6.44
DHANSA,12.71,12.71
SAHAJSOLAR,9.15,9.15
REFRACTORY,13.13,13.13
PRLIND,7.6,7.57
IEML,4.56,4.56
ABSMARINE,6.88,6.88
BEACON,25.61,25.61
AKUMS,40.82,38.59
GALAPREC,42.73,41.75
ZTECH,24.45,24.45
PICCADIL,52.34,52.35
TOLINS,11.38,11.38
WINSOL,9.41,9.38
ORIENTTECH,353.42,57.82
HOACFOODS,67.22,67.22
SLONE,6.88,6.88
QUESTLAB,10.31,10.31
GPECO,11.76,11.76
CEIGALL,19.25,19.25
MANBA,15.15,15.15
SPCL,12.47,12.47
POSITRON,6.87,6.87
KATARIA,18.1,18.1
TRANSRAILL,16.72,16.22
STYLEBAAZA,48.34,185.1
INTERARCH,22.97,22.55
PCCL,25.16,25.16
BULKCORP,11.07,11.07
RNFI,36.97,36.97
CRIZAC,14.83,14.83
PNGJL,19.6,19.48
TUNWAL,11.57,11.57
RAJINDLTD,15.22,15.22
GSMFOILS,18.54,18.54
IPHL,5.66,5.66
PATELRMART,18.64,18.64
SFML,7.89,
CHETANA,7.28,7.0
TECHERA,95.33,95.33
VLINFRA,5.13,5.13
GREENLEAF,8.72,8.72
ECOSMOBLTY,13.83,13.83
AFCONS,43.97,33.76
ETML,16.75,16.75
AVIANSH,108.69,108.69
SYLVANPLY,15.77,15.77
TROM,7.97,7.97
NEPHROCARE,32.03,32.03
BIKEWO,20.26,20.26
FORCAS,18.16,18.16
SURAJLTD,56.89,56.89
NAVKARURB,44.3,44.31
JAYBEE,11.34,11.34
ASHALOG,7.46,7.46
JEYYAM,9.38,9.38
SRD,18.34,18.34
PARAMATRIX,27.12,24.53
PREMIERENE,32.77,32.77
DBEIL,9.03,9.03
DECCANTRAN,6.41,6.41
C2C,38.78,38.78
MFML,,1.82
ENVIRO,12.09,12.09
KALANA,26.49,26.49
RPEL,96.23,96.23
WOL3D,12.99,12.99
VIESL,11.88,11.88
EFFWA,29.52,29.52
AVANTEL,263.16,263.16
AGIIL,44.46,44.46
BALCO,20.99,20.99
UTSSAV,22.27,22.27
VDEAL,18.24,18.24
SUNLITE,14.33,14.33
SSEGL,13.92,13.92
SAJHOTELS,21.55,20.4
PPSL,7.71,7.71
DHARIWAL,27.58,27.58
HPTL,13.35,13.35
BOROSCI,41.35,33.63
THESL,19.57,19.57
EUREKAFORB,54.5,45.97
HVAX,13.1,13.1
PRANIK,6.88,6.88
BAJAJHFL,28.1,27.99
RELTD,39.79,39.87
HYUNDAI,29.82,29.82
OSELDEVICE,27.33,27.33
LAKSHYA,10.24,10.24
PHOGLOBAL,9.69,9.69
SANOFICONR,40.79,41.6
AKIKO,19.79,19.79
SDREAMS,17.23,15.37
AERON,16.21,15.87
PELATRO,14.93,13.76
MAMATA,24.46,
FORGEAUTO,7.46,7.46
XTGLOBAL,26.13,26.13
EXCELLENT,60.88,60.88
MYMUDRA,6.73,6.73
SAGILITY,21.13,20.59
ABHAPOWER,19.61,19.61
ACMESOLAR,54.69,54.01
BMWVENTLTD,13.38,13.38
BLACKBUCK,65.84,64.45
NIKITA,17.27,17.27
USHAFIN,14.25,14.25
SATKARTAR,11.69,11.69
RAPPID,27.94,27.94
PARAMOUNT,12.31,
VMM,61.58,61.58
SAILIFE,77.39,76.06
RAYMONDLSL,95.58,25.34
PREMIUM,11.11,11.11
BARFLEX,32.25,32.25
DELTIC,7.32,7.32
RAJPUTANA,12.87,12.87
KMEW,86.05,86.05
ORCHASP,56.3,56.3
SURAKSHA,42.95,42.95
OBSCP,83.24,83.24
SETL,67.53,67.53
FRESHARA,19.46,19.46
SENORES,53.24,53.24
OCCLLTD,14.16,13.67
APRAMEYA,54.58,54.58
APEXECO,19.54,19.54
CUDML,9.96,9.96
RUBICON,117.03,117.03
ANYA,21.51,21.51
ROYALARC,16.92,16.92
DIVINEHIRA,61.5,61.5
DANISH,24.75,24.75
PURPLEUTED,25.89,25.89
ARIS,14.98,14.73
IKS,44.54,44.54
SMARTWORKS,494.36,494.36
KALPATARU,67.52,61.1
JSWCEMENT,,28.05
GANESHIN,5.59,5.59
TRUALT,36.91,36.91
UNIMECH,102.43,102.43
AVL,70.06,69.38
FINKURVE,41.74,41.74
IGIL,26.24,26.24
CARRARO,24.71,23.49
ARUNAYA,7.31,7.31
VINCOFE,32.1,32.1
IDENTICAL,16.85,16.85
CLASSICEIL,8.49,8.49
JAINIK,16.82,16.82
REXPRO,23.99,23.99
INFLUX,21.38,21.38
PRABHA,3300.4,3300.4
DAMCAPITAL,16.08,16.08
GUJTHEM,86.27,86.27
IVALUE,16.66,16.08
SHRIAHIMSA,31.58,31.58
HEXT,25.01,23.77
RVTH,15.93,15.7
VENTIVE,28.95,28.6
ROSSTECH,170.62,165.02
SILKY,11.14,11.14
KPEL,11.89,11.89
PSRAJ,36.71,36.71
RNPL,11.35,11.35
KKJEWELS,4.23,4.23
LAXMIDENTL,46.07,29.64
FABTECH,18.0,18.98
EMAPARTNER,14.78,14.78
ACTIVEINFR,26.25,26.25
QPOWER,49.56,49.56
OSWALPUMPS,12.17,12.14
VOLERCAR,71.89,71.89
READYMIX,15.14,15.14
BLUEWATER,18.54,18.54
ELLEN,38.78,38.78
NTPCGREEN,154.53,154.53
NORTHARC,11.83,11.83
THELEELA,39.97,39.4
SUBAHOTELS,14.82,14.82
PROFX,8.42,8.42
GLOTTIS,16.48,16.48
MBEL,19.82,19.65
EEPL,11.52,11.52
IGCL,11.17,11.2
HILINFRA,9.9,9.9
CHAMUNDA,14.0,14.0
AGARWALEYE,91.62,92.11
SOLARWORLD,14.73,14.73
GLOBECIVIL,10.46,10.46
PROSTARM,22.75,22.75
KEN,6.0,6.0
CHANDAN,19.82,17.98
SHKSIL,12.92,12.92
VMSTMT,17.98,17.98
NEPTUNE,13.86,13.86
SCODATUBES,22.31,22.31
ALLTIME,45.52,41.74
DEVX,36.47,36.93
MIDWESTLTD,56.45,56.45
SUNTECH,4.47,4.47
BALAJIPHOS,20.72,20.72
VIKRAN,20.29,20.11
JARO,20.73,20.73
CPPLUS,115.76,115.76
SAMBHV,24.66,24.2
AJAXENGG,30.22,29.9
INTEGRITY,10.34,10.34
PUSHPA,11.05,10.54
AHCL,26.92,26.92
BAJAJINDEF,32.15,31.83
DDEVPLSTIK,14.79,14.79
SAWALIYA,30.78,30.78
ELGNZ,9.57,9.33
MPEL,3.78,3.78
VGINFOTECH,9.98,9.98
BRIGHOTEL,36.16,36.16
HDBFS,22.03,22.03
MAYASHEEL,7.79,4.94
JUBLCPL,23.73,23.07
MAXVOLT,16.44,16.44
ITCHOTELS,41.86,39.13
SUPREME,493.34,493.34
BORANA,13.1,13.09
SAATVIKGL,16.41,16.31
AEGISVOPAK,126.78,126.78
BELRISE,40.64,40.34
GCHOTELS,22.37,22.37
DCCL,9.22,9.22
PROTEAN,23.5,22.73
AARADHYA,17.47,17.47
VIJAYPD,56.76,56.76
MOSCHIP,132.15,116.02
LGEINDIA,91.62,91.62
TRAVELFOOD,44.14,44.14
BLUESTONE,487.38,487.38
BAGDIGITAL,21.42,21.42
EBGNG,46.89,46.89
ANONDITA,59.6,59.6
GKENERGY,13.63,13.63
ARSSBL,25.92,23.14
SAFEENTP,19.19,19.19
SACHEEROME,35.73,35.73
LAXMIINDIA,11.81,11.81
TINNARUBR,33.59,33.59
WAAREERTL,21.78,21.78
EFCIL,14.85,14.85
GANESHCP,16.96,16.96
ETL,18.17,18.17
MEIL,19.05,19.05
LOTUSDEV,28.11,28.11
TSC,9.84,9.84
STYL,26.95,26.93
GEMAROMA,682.5,682.5
NRVANDANA,15.6,15.6
UTLSOLAR,105.4,105.4
MEDISTEP,4.6,4.6
SMARTEN,12.95,12.95
ANTHEM,73.97,71.86
REGAAL,14.65,13.33
MONOLITH,71.1,71.1
CURIS,12.74,12.71
IWARE,40.55,40.55
AMCL,22.94,22.94
PATILAUTOM,22.31,22.31
SHANTIGOLD,9.55,9.55
VIGOR,12.83,12.83
CONNPLEX,15.15,15.15
ECOLINE,19.64,19.64
RTL,37.59,37.59
EUROPRATIK,40.89,38.24
ARCIIL,22.2,22.2
EPACKPEB,32.06,32.06
CIFL,26.18,
SHREEJISPG,63.62,63.62
PRIMO,53.57,52.46
SPUNWEB,10.87,10.87
WHITEFORCE,8.59,8.6
FINBUD,20.25,20.25
WEWORK,113.99,108.33
ATLANTAELE,56.07,55.88
SHRINGARMS,18.75,18.75
BHADORA,17.06,17.1
KAYTEX,4.97,4.97
MRIL,8.95,8.95
SELLOWRAP,9.6,9.6
AAKAAR,15.37,15.37
TAURIAN,21.75,21.75
EXCELSOFT,53.48,51.94
GML,7.79,7.79
BHARATSE,33.47,32.69
PARTH,40.57,40.57
OPTIVALUE,15.21,15.21
PACEDIGITK,14.19,14.19
ENRIN,92.05,89.42
MGSL,8.7,8.7
ADVANCE,20.71,20.71
TECHD,33.86,33.86
SNEHAA,6.12,6.12
CURRENT,14.85,14.85
OMFREIGHT,19.79,19.95
JAINREC,32.23,32.15
JYOTIGLOBL,12.04,11.91
JAYESH,11.52,11.52
SHIVASHRIT,15.3,15.3
SATTVAENGG,11.67,11.81
STUDDS,28.44,28.44
DIGITIDE,271.65,829.31
FLYSBS,13.79,13.79
CRAMC,25.33,25.33
BLUSPRING,,99.84
CANHLIFE,137.86,137.86
MUNISH,16.1,16.1
JKIPL,28.67,28.67
BELLACASA,16.33,16.33
CHEMBONDCH,17.06,17.06
RAYMONDREL,14.93,14.93
ACCPL,19.05,19.05
SGFIN,22.5,22.5
SGMART,101.76,101.76
FISCHER,82.27,82.27
GROWW,53.51,53.51
ABLBL,67.71,53.54
RAJOOENG,19.63,19.63
ARFIN,93.82,93.82
MONEYBOXX,386.02,386.02
RNBDENIMS,21.24,21.24
GANGABATH,38.66,38.66
PRIMECAB,26.88,23.11
ORKLAINDIA,38.75,36.57
SUDEEPPHRM,200.76,200.76
PINELABS,163.84,156.55
KSR,11.34,11.34
SHETHJI,17.03,17.03
CPEDU,14.83,14.83
TENNIND,134.16,134.16
EMMVEE,60.88,60.88
TIGERLOGS,20.51,20.51
MODIS,39.01,39.01
SYSTMTXC,257.63,245.35
LENSKART,210.01,208.61
MARKOLINES,14.34,14.28
ADVENTHTL,24.56,17.17
RHETAN,234.23,234.23
GCSL,47.62,47.62
SHILCTECH,177.86,177.86
TMCV,101.66,54.78
PIRAMALFIN,39.93,
